{
  "dark": {
    "--bg-primary": "#0d1117",
    "--bg-secondary": "#161b22",
    "--bg-tertiary": "#1c2128",
    "--bg-elevated": "#21262d",
    "--border": "#30363d",
    "--border-hover": "#484f58",
    "--text": "#c9d1d9",
    "--text-secondary": "#8b949e",
    "--text-muted": "#6e7681",
    "--accent": "#58a6ff",
    "--accent-hover": "#79c0ff",
    "--success": "#3fb950",
    "--warning": "#d29922",
    "--error": "#f85149",
    "--purple": "#bc8cff",
    "--shadow": "rgba(0, 0, 0, 0.4)",
    "--shadow-lg": "rgba(0, 0, 0, 0.6)"
  },
  "light": {
    "--bg-primary": "#ffffff",
    "--bg-secondary": "#f6f8fa",
    "--bg-tertiary": "#e1e4e8",
    "--bg-elevated": "#d1d5da",
    "--border": "#d1d5da",
    "--border-hover": "#959da5",
    "--text": "#24292e",
    "--text-secondary": "#586069",
    "--text-muted": "#6a737d",
    "--accent": "#0366d6",
    "--accent-hover": "#0256cc",
    "--success": "#28a745",
    "--warning": "#ffd33d",
    "--error": "#d73a49",
    "--purple": "#6f42c1",
    "--shadow": "rgba(0, 0, 0, 0.1)",
    "--shadow-lg": "rgba(0, 0, 0, 0.15)"
  }
}